<?xml version="1.0" encoding="UTF-8"?>
<!-- 
    Comments and explanations removed... Please refer to the application/templates/default/template.xml
    for any questions or comments.
-->
<template>
    <info>
        <name>Plexis</name>                                     <!-- The Template Name -->
        <author>Stammi, Evilsystem</author>                     <!-- Template author / creater -->
        <coded_by>Stammi, Wilson212</coded_by>                  <!-- Template coder -->
        <date>9 May 2012</date>                                 <!-- Creation data for the template -->
        <license></license>                                     <!-- Template License -->
        <copyright>All Rights Reserved Plexis</copyright>
        <author_url>http://themeforest.net/user/Stammi</author_url>
    </info>
    
    <config>
        <controller_view_paths>false</controller_view_paths>
        <default_layout>layout</default_layout>
        <js_folder>js</js_folder>
        <css_folder>css</css_folder>
    </config>

    <head>
        <comment>Mobile viewport optimized: j.mp/bplateviewport</comment>
        <meta name="viewport">width=device-width,initial-scale=1</meta>
        <meta http-equiv="X-UA-Compatible">IE=edge,chrome=1</meta>
        
        <comment>Favicon</comment>
        <favicon type="image/png">img/icons/favicon.png</favicon>
        
        <comment>CSS concatenated and minified via ant build script</comment>
        <css>jquery-ui-1.8.20.custom.css</css>
        <css>style.css</css>
        <css>960.fluid.css</css>
        <css>main.css</css>
        <css>buttons.css</css>
        <css>lists.css</css>
        <css>typography.css</css>
        <css>forms.css</css>
        <css>tables.css</css>
        <css>charts.css</css>
        
        <comment>Load Javascripts</comment>
        <js>plugins.js</js>
        <js>modernizr-2.0.6.min.js</js>
        <js>jquery.uniform.min.js</js>
        <js>jquery.form.js</js>
        <js>jquery.tipsy.js</js>
        <js>jquery.dataTables.js</js>
        <js>template.js</js>
    </head>
</template> 